Workbook

Sheet Sheet1
A1: Package Booking
A2: Email ID | B2: Package Type | C2: No. of Travellers | D2: Start Date | E2: Total Days | F2: Paragliding | G2: Chair Lift Ride | H2: Jeep Sawari | I2: Guided Hiking | J2: Parasailing | K2: Cable Car Ride | L2: Boating | M2: Skiing | N2: Insurance | O2: Total Cost
A3: zaineb@gmail.com | B3: Azad Kashmir Package | C3: 4 | D3: 22/4/2026 | E3: 5 | F3: TRUE | G3: FALSE | H3: FALSE | I3: FALSE | J3: FALSE | K3: FALSE | L3: FALSE | M3: TRUE | N3: FALSE | O3: =C3*(IF(F3=TRUE, 8000, 0)+IF(G3=TRUE, 3000, 0)+IF(H3=TRUE, 12000, 0)+IF(I3=TRUE, 6000, 0)+IF(J3=TRUE, 10000, 0)+IF(K3=TRUE, 4000, 0)+IF(L3=TRUE, 5000, 0)+IF(M3=TRUE, 15000, 0)+IF(N3=TRUE, 2000*C3, 0)+VLOOKUP(B3, Sheet1!D12:E14, 2, FALSE)) -> 252000
A4: meow@gmail.com | B4: Naran Package | C4: 6 | D4: 18/4/2026 | E4: 5 | F4: TRUE | G4: TRUE | H4: FALSE | I4: TRUE | J4: FALSE | K4: FALSE | L4: TRUE | M4: TRUE | N4: TRUE | O4: =C4*(IF(F4=TRUE, 8000, 0)+IF(G4=TRUE, 3000, 0)+IF(H4=TRUE, 12000, 0)+IF(I4=TRUE, 6000, 0)+IF(J4=TRUE, 10000, 0)+IF(K4=TRUE, 4000, 0)+IF(L4=TRUE, 5000, 0)+IF(M4=TRUE, 15000, 0)+IF(N4=TRUE, 2000*C3, 0)+VLOOKUP(B4, Sheet1!D12:E14, 2, FALSE)) -> 474000
A5: zuni@gmail.com | B5: Azad Kashmir Package | C5: 8 | D5: 23/5/2026 | E5: 5 | F5: TRUE | G5: TRUE | H5: FALSE | I5: FALSE | J5: TRUE | K5: TRUE | L5: TRUE | M5: FALSE | N5: FALSE | O5: =C5*(IF(F5=TRUE, 8000, 0)+IF(G5=TRUE, 3000, 0)+IF(H5=TRUE, 12000, 0)+IF(I5=TRUE, 6000, 0)+IF(J5=TRUE, 10000, 0)+IF(K5=TRUE, 4000, 0)+IF(L5=TRUE, 5000, 0)+IF(M5=TRUE, 15000, 0)+IF(N5=TRUE, 2000*C4, 0)+VLOOKUP(B5, Sheet1!D12:E14, 2, FALSE)) -> 560000
A6: ahmad@gmail.com | B6: Hunza Package | C6: 2 | D6: 46302 | E6: 5 | F6: TRUE | G6: TRUE | H6: FALSE | I6: FALSE | J6: FALSE | K6: FALSE | L6: FALSE | M6: TRUE | N6: FALSE | O6: =C6*(IF(F6=TRUE, 8000, 0)+IF(G6=TRUE, 3000, 0)+IF(H6=TRUE, 12000, 0)+IF(I6=TRUE, 6000, 0)+IF(J6=TRUE, 10000, 0)+IF(K6=TRUE, 4000, 0)+IF(L6=TRUE, 5000, 0)+IF(M6=TRUE, 15000, 0)+IF(N6=TRUE, 2000*C5, 0)+VLOOKUP(B6, Sheet1!D12:E14, 2, FALSE)) -> 126000
A7: haha@gmail.com | B7: Azad Kashmir Package | C7: 1 | D7: 15/3/2026 | E7: 5 | F7: TRUE | G7: FALSE | H7: TRUE | I7: FALSE | J7: TRUE | K7: FALSE | L7: FALSE | M7: TRUE | N7: TRUE | O7: =C7*(IF(F7=TRUE, 8000, 0)+IF(G7=TRUE, 3000, 0)+IF(H7=TRUE, 12000, 0)+IF(I7=TRUE, 6000, 0)+IF(J7=TRUE, 10000, 0)+IF(K7=TRUE, 4000, 0)+IF(L7=TRUE, 5000, 0)+IF(M7=TRUE, 15000, 0)+IF(N7=TRUE, 2000*C6, 0)+VLOOKUP(B7, Sheet1!D12:E14, 2, FALSE)) -> 89000
A11: Activities | B11: Cost (PKR) | D11: Package Type | E11: Base Price (PKR)
A12: Paragliding | B12: 8000 | D12: Azad Kashmir Package | E12: 40000
A13: Chair Lift Ride | B13: 3000 | D13: Naran Package | E13: 34000
A14: Jeep Safari | B14: 12000 | D14: Hunza Package | E14: 37000
A15: Guided Hiking | B15: 6000
A16: Parasailing | B16: 10000
A17: Cable Car Ride | B17: 4000
A18: Boating | B18: 5000
A19: Skiing | B19: 15000
A22: Summary Dashboard
A23: Total Travellers | B23: =SUM(C3:C7) -> 21
A24: Revenue Generated (PKR)
A25: Naran Revenue | B25: =SUMIF(B3:B7, "Naran Package", O3:O7) -> 474000
A26: Hunza Revenue | B26: =SUMIF(B3:B7, "Hunza Package",O3:O7 ) -> 126000
A27: Azad Kashmir Revenue | B27: =SUMIF(B3:B7, "Azad Kashmir Package",O3:O7 ) -> 901000
A28: Total Revenue | B28: =SUM(O2:O7) -> 1501000
A29: Bookings
A30: Total Bookings | B30: =COUNTIF(B3:B7,"Naran Package")+COUNTIF(B3:B7,"Hunza Package")+COUNTIF(B3:B7,"Azad Kashmir Package") -> 5
A31: Average Booking Value | B31: =B28/B30 -> 300200
A32: Hunza Package | B32: =COUNTIF(B3:B7,"Hunza Package") -> 1
A33: Naran Package | B33: =COUNTIF(B3:B7,"Naran Package") -> 1
A34: Azad Kashmir Package | B34: =COUNTIF(B3:B7,"Azad Kashmir Package") -> 3
A35: Most Popular Package | B35: {=INDEX(A32:A34, MATCH(MAX(B32:B34), B32:B34, 0))} -> Azad Kashmir Package
A36: Activity Performance
A37: Paragliding | B37: =COUNTIF(F3:F7,TRUE) -> 5
A38: Chair Lift Ride | B38: =COUNTIF(G3:G7,TRUE) -> 3
A39: Jeep Sawari | B39: =COUNTIF(H3:H7,TRUE) -> 1
A40: Guided Hiking | B40: =COUNTIF(I3:I7,TRUE) -> 1
A41: Parasailing | B41: =COUNTIF(J3:J7,TRUE) -> 2
A42: Cable Car Ride | B42: =COUNTIF(K3:K7, TRUE) -> 1
A43: Boating | B43: =COUNTIF(L3:L7, TRUE) -> 2
A44: Skiing | B44: =COUNTIF(M3:M7, TRUE) -> 4
A45: Most Selected Activity | B45: {=INDEX(A37:A44, MATCH(MAX(B37:B44),B37:B44, 0))} -> Paragliding
